candidate_id,rank,score,explanation,name,recommendation,strengths,gaps
CAND_0000124,1,82.0,"Richard Moore is a solid match. They meet the required experience of 5 years and have 3 of the key must-have skills. While there are minor gaps in secondary skills like none, they are fully capable of performing the core responsibilities.",Richard Moore,Hire,"Demonstrates core competency in essential tech stack: Kubernetes, AWS, Docker. | Meets or exceeds experience requirement with 10.0 years of professional background. | Brings valuable secondary skills: AWS, Docker. | Possesses practical portfolio projects showcasing integration of modern libraries.","Missing core must-have technical requirements: PyTorch, FAISS, Python, scikit-learn."
CAND_0000115,2,79.25,"Fatima Al-Sayed is a solid match. They meet the required experience of 5 years and have 2 of the key must-have skills. While there are minor gaps in secondary skills like AWS, they are fully capable of performing the core responsibilities.",Fatima Al-Sayed,Hire,"Demonstrates core competency in essential tech stack: Python, Docker. | Meets or exceeds experience requirement with 5.0 years of professional background. | Brings valuable secondary skills: Docker. | Possesses practical portfolio projects showcasing integration of modern libraries.","Missing core must-have technical requirements: Kubernetes, PyTorch, AWS, FAISS, scikit-learn."
CAND_0000083,3,77.53,"Nancy Garcia is a solid match. They meet the required experience of 5 years and have 1 of the key must-have skills. While there are minor gaps in secondary skills like AWS, they are fully capable of performing the core responsibilities.",Nancy Garcia,Hire,Demonstrates core competency in essential tech stack: Docker. | Meets or exceeds experience requirement with 9.0 years of professional background. | Brings valuable secondary skills: Docker. | Possesses practical portfolio projects showcasing integration of modern libraries.,"Missing core must-have technical requirements: Kubernetes, PyTorch, AWS, FAISS, Python, scikit-learn."
CAND_0000051,4,74.5,"Alex Rivera is a solid match. They meet the required experience of 5 years and have 1 of the key must-have skills. While there are minor gaps in secondary skills like AWS, they are fully capable of performing the core responsibilities.",Alex Rivera,Hire,Demonstrates core competency in essential tech stack: scikit-learn. | Meets or exceeds experience requirement with 14.0 years of professional background. | Possesses practical portfolio projects showcasing integration of modern libraries.,"Missing core must-have technical requirements: Kubernetes, PyTorch, AWS, FAISS, Python, Docker."
CAND_0000005,5,72.07,"Michael Mbanefo is a solid match. They meet the required experience of 5 years and have 1 of the key must-have skills. While there are minor gaps in secondary skills like AWS, they are fully capable of performing the core responsibilities.",Michael Mbanefo,Hire,Demonstrates core competency in essential tech stack: Docker. | Meets or exceeds experience requirement with 15.0 years of professional background. | Brings valuable secondary skills: Docker. | Possesses practical portfolio projects showcasing integration of modern libraries.,"Missing core must-have technical requirements: Kubernetes, PyTorch, AWS, FAISS, Python, scikit-learn."
CAND_0000119,6,71.97,"Patricia Williams represents a standard candidate who matches some must-haves but has notable gaps. They are missing core technologies (Kubernetes, PyTorch, AWS, FAISS, Python, Docker, scikit-learn) or have fewer years of experience. We recommend interviewing with a focus on testing their adaptability and technical learning speed.",Patricia Williams,Conditional Hire,Meets or exceeds experience requirement with 6.0 years of professional background. | Possesses practical portfolio projects showcasing integration of modern libraries.,"Missing core must-have technical requirements: Kubernetes, PyTorch, AWS, FAISS, Python, Docker, scikit-learn."
CAND_0000114,7,70.53,"Lucas Silva is a solid match. They meet the required experience of 5 years and have 1 of the key must-have skills. While there are minor gaps in secondary skills like AWS, they are fully capable of performing the core responsibilities.",Lucas Silva,Hire,Demonstrates core competency in essential tech stack: Docker. | Meets or exceeds experience requirement with 11.0 years of professional background. | Brings valuable secondary skills: Docker. | Possesses practical portfolio projects showcasing integration of modern libraries.,"Missing core must-have technical requirements: Kubernetes, PyTorch, AWS, FAISS, Python, scikit-learn."
CAND_0000169,8,68.69,"Patricia Williams represents a standard candidate who matches some must-haves but has notable gaps. They are missing core technologies (Kubernetes, PyTorch, AWS, FAISS, Python, Docker) or have fewer years of experience. We recommend interviewing with a focus on testing their adaptability and technical learning speed.",Patricia Williams,Conditional Hire,Demonstrates core competency in essential tech stack: scikit-learn. | Meets or exceeds experience requirement with 13.0 years of professional background. | Possesses practical portfolio projects showcasing integration of modern libraries.,"Missing core must-have technical requirements: Kubernetes, PyTorch, AWS, FAISS, Python, Docker."
CAND_0000127,9,68.27,"Susan Thomas represents a standard candidate who matches some must-haves but has notable gaps. They are missing core technologies (Kubernetes, PyTorch, AWS, FAISS, Python, Docker, scikit-learn) or have fewer years of experience. We recommend interviewing with a focus on testing their adaptability and technical learning speed.",Susan Thomas,Conditional Hire,Meets or exceeds experience requirement with 11.0 years of professional background. | Possesses practical portfolio projects showcasing integration of modern libraries.,"Missing core must-have technical requirements: Kubernetes, PyTorch, AWS, FAISS, Python, Docker, scikit-learn."
CAND_0000076,10,63.79,"Joseph Anderson represents a standard candidate who matches some must-haves but has notable gaps. They are missing core technologies (Kubernetes, PyTorch, AWS, FAISS, Python, Docker, scikit-learn) or have fewer years of experience. We recommend interviewing with a focus on testing their adaptability and technical learning speed.",Joseph Anderson,Conditional Hire,Meets or exceeds experience requirement with 10.0 years of professional background. | Possesses practical portfolio projects showcasing integration of modern libraries.,"Missing core must-have technical requirements: Kubernetes, PyTorch, AWS, FAISS, Python, Docker, scikit-learn. | Low responsiveness rate on communication channels, raising engagement risk."
CAND_0000148,11,62.01,"Edward Hill represents a standard candidate who matches some must-haves but has notable gaps. They are missing core technologies (Kubernetes, PyTorch, AWS, FAISS, Python, Docker, scikit-learn) or have fewer years of experience. We recommend interviewing with a focus on testing their adaptability and technical learning speed.",Edward Hill,Conditional Hire,Meets or exceeds experience requirement with 14.0 years of professional background. | Possesses practical portfolio projects showcasing integration of modern libraries.,"Missing core must-have technical requirements: Kubernetes, PyTorch, AWS, FAISS, Python, Docker, scikit-learn. | Low responsiveness rate on communication channels, raising engagement risk."
CAND_0000187,12,57.38,"Betty Rodriguez does not meet the baseline criteria for the Senior Machine Learning Engineer role. They have significant technical gaps (missing: Kubernetes, PyTorch, AWS, FAISS, Docker, scikit-learn) and lack the requisite experience. Additionally, poor behavioral response rates suggest low likelihood of hiring engagement.",Betty Rodriguez,Reject,Demonstrates core competency in essential tech stack: Python. | Possesses practical portfolio projects showcasing integration of modern libraries.,"Short of requested experience level (4.0 years relative to 5 required). | Missing core must-have technical requirements: Kubernetes, PyTorch, AWS, FAISS, Docker, scikit-learn. | Low responsiveness rate on communication channels, raising engagement risk."
CAND_0000116,13,48.22,"John Doe does not meet the baseline criteria for the Senior Machine Learning Engineer role. They have significant technical gaps (missing: Kubernetes, PyTorch, AWS, FAISS, Python, Docker, scikit-learn) and lack the requisite experience. Additionally, poor behavioral response rates suggest low likelihood of hiring engagement.",John Doe,Reject,Possesses practical portfolio projects showcasing integration of modern libraries.,"Short of requested experience level (1.0 years relative to 5 required). | Missing core must-have technical requirements: Kubernetes, PyTorch, AWS, FAISS, Python, Docker, scikit-learn."
CAND_0000098,14,47.02,"Edward Hill does not meet the baseline criteria for the Senior Machine Learning Engineer role. They have significant technical gaps (missing: Kubernetes, PyTorch, AWS, FAISS, Python, Docker, scikit-learn) and lack the requisite experience. Additionally, poor behavioral response rates suggest low likelihood of hiring engagement.",Edward Hill,Reject,Meets or exceeds experience requirement with 6.0 years of professional background. | Possesses practical portfolio projects showcasing integration of modern libraries.,"Missing core must-have technical requirements: Kubernetes, PyTorch, AWS, FAISS, Python, Docker, scikit-learn. | Low responsiveness rate on communication channels, raising engagement risk. | History of interview/meeting rescheduling or attendance issues."
CAND_0000002,15,40.0,"Priya Sharma does not meet the baseline criteria for the Senior Machine Learning Engineer role. They have significant technical gaps (missing: Kubernetes, PyTorch, AWS, FAISS, Python, Docker, scikit-learn) and lack the requisite experience. Additionally, poor behavioral response rates suggest low likelihood of hiring engagement.",Priya Sharma,Reject,Possesses practical portfolio projects showcasing integration of modern libraries.,"Short of requested experience level (4.0 years relative to 5 required). | Missing core must-have technical requirements: Kubernetes, PyTorch, AWS, FAISS, Python, Docker, scikit-learn. | Low responsiveness rate on communication channels, raising engagement risk. | History of interview/meeting rescheduling or attendance issues."
